NUMERO_CLIENT;DATE_CONTRAT;DEPARTEMENT;CIVILITE;NOM;PRENOM;DATE_NAISSANCE;TELEPHONE_FIXE;TELEPHONE_MOBILE;EMAIL;NUMERO_VOIE;NOM_VOIE;CODE_POSTAL;COMMUNE
FR-13052013-17519098;13/05/2013;37;M.;BOUSSARD;PAUL;05/08/1970;02.46.50.16.11;06.44.71.16.32;paul.boussard4988@laposte.net;83;IMPASSE CESAR;37250;SORIGNY
FR-14032010-18456919;14/03/2010;32;M.;CORVAISIER;GUY;12/03/1981;null;07.69.87.87.66;guy.corvaisier21@free.fr;104;RUE DU CHATEAU;32400;CAUMONT
FR-28082023-17710463;28/08/2023;39;M.;GUILLERM;HENRI;20/07/1993;03.63.92.80.80;07.02.36.21.79;henri.guillerm4737@wanadoo.fr;15;CHEMIN DE LA NOUELLE;39250;DOYE
FR-05082018-16539334;08/05/2018;25;Mme;RIGAUX;AVRIL;11/11/1970;null;06.64.37.19.28;avril.rigaux8937@free.fr;40;RUE PASTEUR;25270;SEPTFONTAINES
FR-17022012-16709073;17/02/2012;59;Mme;PATOUX;MARIE;24/08/1952;null;07.37.95.90.82;marie.patoux3431@gmail.com;50;IMPASSE JEAN DASTE;59132;GLAGEON
FR-01022020-17800249;02/01/2020;65;Mme;PELERIN;VIRGINIE;14/07/1976;05.36.33.11.36;07.09.01.40.80;virginie.pelerin3922@free.fr;137;RUE GEORGES GUYNEMER;65140;LESCURRY
FR-09102023-15754867;10/09/2023;58;M.;MARQUE;RAM;30/03/1961;null;07.00.92.41.18;ram.marque2905@laposte.net;87;PLACE DE LA GARE;58350;SAINT-MALO-EN-DONZIOIS
FR-20022016-16986291;20/02/2016;27;Mme;GARDET;CONSTANCE;11/01/1975;02.79.30.28.98;null;constance@gardet.fr;47;RUE DES REMPARTS;27370;SAINT-DIDIER-DES-BOIS
FR-25052023-17055103;25/05/2023;21;Mme;NOUIRA;MARTINE;15/08/1998;null;06.91.98.30.35;nouira.martine4095@gmail.com;8;SQUARE DES MERISIERS;21350;MASSINGY-LÈS-VITTEAUX
FR-30082022-17342807;30/08/2022;55;Mme;NEGRIER;JOHANNA;22/07/1961;03.72.02.14.28;06.90.97.50.28;negrier.johanna3144@wanadoo.fr;141;RUE MIGNERET;55270;VAUQUOIS
FR-13122014-16469210;13/12/2014;36;M.;THOMANN;LUC;23/03/1983;null;07.76.89.90.78;thomann.luc7371@free.fr;81;RUE DU CDT MARTIN;36400;LA BERTHENOUX
FR-09022018-15891183;02/09/2018;29;Mme;VILELA;FABIA;07/12/1975;02.90.86.30.30;06.03.81.87.33;vilela.fabia2120@free.fr;56;AVENUE DU FRENE;29400;LANNEUFFRET
FR-14122014-15989487;14/12/2014;77;Mme;SEMEDO;ROSE;02/06/1961;null;06.26.07.62.41;rose.semedo@free.fr;44;RUE DE PREDEFIN;77560;AUGERS-EN-BRIE
FR-19072010-15241720;19/07/2010;62;Mme;PRAUD;EMMA;19/04/1999;null;07.30.81.26.34;praud.emma7961@laposte.net;62;RUE DE LA COULEE VERTE;62450;MARTINPUICH
FR-07032019-18460852;03/07/2019;55;M.;MATHURIN;LAURENT;28/11/1942;03.57.22.73.06;null;laurent.mathurin@live.fr;49;RUE DES COUTEAUX;55270;CUISY
FR-26092023-17922800;26/09/2023;57;Mme;ROCHEFORT;ANNE;05/03/1970;03.82.83.16.62;07.59.94.89.84;anne.rochefort@sfr.fr;59;PLACE SAINT PIERRE;57070;SAINT-JULIEN-LÈS-METZ
FR-22082016-15797466;22/08/2016;37;Mme;GARBAY;ROSA;24/11/1947;null;06.77.23.36.71;garbay.rosa@orange.fr;98;IMPASSE DES GROUILLERES;37190;CHEILLÉ
FR-28082021-17569562;28/08/2021;65;M.;BARRAUD;CONSTANT;02/12/1998;null;null;constant.barraud4153@free.fr;108;IMPASSE COULOMB;65370;SIRADAN
FR-30052020-14904865;30/05/2020;52;M.;BALAY;BRAS;11/05/1952;null;07.55.82.79.62;bras.balay9260@live.fr;43;ROUTE DE MOINGT;52300;THONNANCE-LÈS-JOINVILLE
FR-07052018-17913625;05/07/2018;15;Mme;GATIGNOL;LOUISE;01/11/1992;null;07.16.19.25.05;louise.gatignol6185@gmail.com;47;IMPASSE DE LA MADELEINE;15600;BOISSET
FR-14062011-18095161;14/06/2011;80;Mme;MELCHIOR;AUGUSTA;10/02/1983;03.65.29.56.16;06.84.82.25.55;melchior.augusta@free.fr;129;RUE BELLE VUE;80430;LAFRESGUIMONT-SAINT-MARTIN
FR-10112017-17023646;11/10/2017;52;M.;ANTONY;MARKUS;20/08/1999;null;06.87.24.62.86;antony.markus2749@free.fr;100;CHEMIN BERTHE;52330;GILLANCOURT
FR-11042012-20247364;04/11/2012;31;M.;LETOURNEUX;ARISTIDE;23/07/1981;null;07.17.59.91.08;letourneux.aristide1281@orange.fr;29;IMPASSE CAPUCINES;31230;LABASTIDE-PAUMÈS
FR-23022011-16696620;23/02/2011;24;Mme;PIVETEAU;AN;15/07/1980;05.64.39.16.97;06.90.74.62.18;an.piveteau@laposte.net;12;RUE DE LA PORTE AUX JUGES;24200;SAINT-VINCENT-LE-PALUEL
FR-22082018-18714476;22/08/2018;55;Mme;MASSERON;VICTOIRE;01/11/1986;03.29.44.53.16;07.85.78.92.00;masseron.victoire6044@orange.fr;15;RUE DU ROCHER;55600;QUINCY-LANDZÉCOURT
FR-26122020-16182163;26/12/2020;49;M.;MAZAUD;CARLO;10/12/1963;null;06.96.34.05.43;mazaud.carlo@orange.fr;135;CHEMIN DU PRAT NORD;49150;LA LANDE-CHASLES
FR-21042020-18960237;21/04/2020;72;Mme;BENGUIGUI;JULIETTE;20/09/1993;null;06.27.91.18.88;juliette.benguigui@gmail.com;43;SQUARE ERIK SATIE;72240;SAINT-SYMPHORIEN
FR-23032016-17133746;23/03/2016;17;Mme;BULTEAU;CLAIRE;16/09/2003;null;07.29.76.55.97;claire.bulteau4975@gmail.com;111;RUE LAMARTINE;17700;SAINT-MARD
FR-11092021-17865129;09/11/2021;12;Mme;RIGOLLET;CLAUDE;04/12/1974;null;07.83.93.08.86;claude.rigollet@gmail.com;82;RUE DE LA FONTAINE;12800;QUINS
FR-08072022-17964744;07/08/2022;38;Mme;SULPICE;VIRGINIE;21/08/1999;null;06.11.28.63.46;virginie.sulpice@gmail.com;87;RUE DE VERQUIGNEUL;38320;BRESSON
FR-07012020-16041915;01/07/2020;10;Mme;GASQUET;AN;22/10/1972;null;07.69.80.86.24;gasquet.an@free.fr;104;RUE DES HETRES;10160;NOGENT-EN-OTHE
FR-10082013-14986130;08/10/2013;54;M.;DALLE;ALAIN;18/01/1964;null;07.73.75.49.17;alain.dalle@gmail.com;5;RUE DU HAUT BOURG;54390;FROUARD
FR-03012021-16482317;01/03/2021;70;M.;MARCILLY;AH;28/04/1967;null;06.44.51.13.79;ah.marcilly@gmail.com;8;RUE DE LA LIBERATION;70300;ESBOZ-BREST
FR-28012021-15531391;28/01/2021;16;M.;KROL;HERMANN;06/10/2001;null;07.80.96.58.87;hermann.krol2273@live.fr;59;RUE QUATRE FOURCHETTES;16100;BOUTIERS-SAINT-TROJAN
FR-24052019-17939841;24/05/2019;02;Mme;GINESTE;CHRISTINE;11/10/1965;null;07.88.65.13.35;christine.gineste5213@orange.fr;110;RUE ROMAIN ROLAND;02540;DHUYS ET MORIN-EN-BRIE
FR-22122023-16439719;22/12/2023;21;Mme;JEULAND;LILI;01/09/1958;03.79.93.19.65;06.22.21.06.11;jeuland.lili4461@free.fr;121;IMPASSE GENERAL SORBIER;21310;BLAGNY-SUR-VINGEANNE
FR-13032012-17178311;13/03/2012;11;M.;CHANSON;CAMILLE;16/04/1987;null;06.61.04.73.87;chanson.camille390@gmail.com;96;IMPASSE DE L'ETOILE;11140;ARTIGUES
FR-05072012-16273914;07/05/2012;03;M.;LECERF;ROMAIN;09/10/1980;null;07.74.24.57.60;lecerf.romain@orange.fr;77;ROUTE DE MONTMAIN;03300;CUSSET
FR-17042010-16007837;17/04/2010;03;M.;GOMEZ;LUCIEN;26/10/2000;04.70.17.77.97;07.96.76.44.46;lucien.gomez4888@sfr.fr;66;RUE DES PLATANES;03150;SANSSAT
FR-04082019-16523607;08/04/2019;62;Mme;BULIN;CHARLOTTE;27/02/1972;null;07.35.84.70.88;charlotte.bulin6564@gmail.com;2;RUE PASTEUR;62223;ATHIES
FR-31052010-15570713;31/05/2010;09;M.;RIFF;ALEXANDRE;09/02/1997;null;06.01.90.65.78;alexandre.riff6159@gmail.com;62;RUE DE LA RUINE;09500;CAZALS-DES-BAYLÈS
FR-17122023-15859070;17/12/2023;25;M.;GIROT;ROGER;16/08/1942;03.81.52.82.06;07.07.73.33.80;roger.girot@sfr.fr;83;RUE ST MEDARD;25190;FLEUREY
FR-29012014-15397041;29/01/2014;33;Mme;GREAU;ANITA;22/03/1989;05.54.31.69.76;07.41.08.90.25;greau.anita1805@gmail.com;71;CHEMIN DE CONGRUE;33840;LERM-ET-MUSSET
FR-27062018-16010458;27/06/2018;56;M.;FILLON;PAUL;12/07/1982;null;null;paul.fillon468@wanadoo.fr;133;CHEMIN DE LA VIONNE;56700;MERLEVENEZ
FR-05092023-16159880;09/05/2023;53;Mme;GUICHARD;AH;11/02/1985;null;07.05.90.99.91;ah.guichard9202@orange.fr;125;RUE DES PAQUIERS;53110;LASSAY-LES-CHÂTEAUX
FR-02082011-17835637;08/02/2011;57;M.;JANSSENS;ROMAN;06/01/2000;null;06.55.56.73.08;janssens.roman8625@orange.fr;118;RUE DU COL NOIR;57200;SARREGUEMINES
FR-27092012-17124571;27/09/2012;10;M.;LAVILLE;CARLOS;22/12/1960;null;07.10.64.98.95;laville.carlos9783@orange.fr;82;RUE CHAMPIONNET;10700;NOZAY
FR-09082012-14583085;08/09/2012;11;M.;XU;CONSTANT;17/07/1975;04.68.48.09.52;07.93.55.74.17;xu.constant@free.fr;73;AVENUE JOSEPH VIDAL;11700;ROQUECOURBE-MINERVOIS
FR-03042021-15743727;04/03/2021;17;M.;GRADEL;HAMID;01/05/2002;null;07.87.34.75.05;gradel.hamid3108@free.fr;91;ROUTE DU CRANOU;17100;SAINTES
FR-10062011-17878237;06/10/2011;52;M.;DELVAUX;PHILIPPE;23/09/1986;03.10.36.07.65;06.55.58.48.38;philippe.delvaux8058@laposte.net;132;ROUTE DE COAT ARZUR;52120;LAFERTÉ-SUR-AUBE
FR-29042013-14583083;29/04/2013;10;Mme;ELOI;CLARA;29/04/1987;03.51.18.94.62;06.72.05.07.44;eloi.clara@orange.fr;13;RUE CLAUDE MONET;10310;LONGCHAMP-SUR-AUJON
FR-24012018-16095655;24/01/2018;77;Mme;BARRES;MARIE;07/06/1960;01.60.56.78.80;07.42.94.20.89;marie.barres973@free.fr;54;RUE DU PORT DE LA CAPTE;77100;NANTEUIL-LÈS-MEAUX
FR-03102019-15380002;10/03/2019;71;Mme;BENECH;LENI;08/12/1969;03.71.47.51.34;07.60.04.63.80;leni.benech1988@wanadoo.fr;58;CHEMIN DE LA POTERIE;71500;VINCELLES
FR-20012014-15992108;20/01/2014;89;Mme;KESSLER;AH;09/10/1941;null;07.78.16.20.62;ah.kessler@wanadoo.fr;106;ROUTE DES COURTILS;89190;FLACY
FR-23042020-15148660;23/04/2020;80;M.;AYALA;DAVID;25/03/1960;null;07.79.55.78.06;david.ayala9384@free.fr;26;RUE VINCENT SCOTTO;80470;ARGŒUVES
FR-05092019-17099668;09/05/2019;95;M.;LANCRY;ALPHONSE;12/02/1995;null;06.63.20.07.33;alphonse@lancry.net;1;RUE DES VIOLETTES;95480;PIERRELAYE
FR-28112019-14948775;28/11/2019;80;Mme;REAU;CLAUDE;20/03/1946;null;06.38.42.13.39;claude.reau20@sfr.fr;49;RUE JULES FERRY;80500;FESCAMPS
FR-14112014-16986946;14/11/2014;01;M.;AILLAUD;ROBERT;21/04/1944;null;06.74.59.87.65;robert.aillaud@free.fr;138;RUE DU PATURAL;01310;POLLIAT
FR-03032021-17099669;03/03/2021;54;Mme;DANTAS;ALEXANDRIE;13/11/1951;null;06.63.65.11.97;alexandrie.dantas700@wanadoo.fr;83;IMPASSE IMPASSE DU BESSIN;54800;PUXE
FR-15092021-13738979;15/09/2021;17;M.;BEN;OTTO;10/04/1953;null;07.60.05.12.01;ben.otto105@live.fr;18;CLOS ST ANDRE;17800;MONTILS
FR-04112010-17718328;11/04/2010;03;M.;KAMINSKI;JUSTE;20/03/1956;null;07.87.99.83.41;juste.kaminski@free.fr;52;PLACE GABRIEL TRAVERSIER;03460;VILLENEUVE-SUR-ALLIER
FR-09122011-16638294;12/09/2011;51;Mme;RIPOLL;NINON;30/06/1964;null;07.66.20.86.96;ripoll.ninon@gmail.com;96;RUE DU DOC ALBERT SCHWEITZER;51310;SAINT-BON
FR-08062017-15123100;06/08/2017;61;Mme;HUTIN;MAI;26/12/1951;null;06.65.31.43.23;mai.hutin9570@free.fr;2;RUE BONTEMPS;61330;TORCHAMP
FR-09062018-17144888;06/09/2018;02;Mme;LANDRIN;DJAMILA;22/08/1950;null;07.29.27.25.26;landrin.djamila7469@gmail.com;122;RUE CHARLES HERMITE;02800;DANIZY
FR-24042010-18141035;24/04/2010;34;Mme;BERTHELON;FLORA;16/03/1995;null;07.31.72.38.14;flora.berthelon@free.fr;3;RUE DU GUE HUBERT;34610;ROSIS
FR-01042016-17526962;04/01/2016;21;Mme;QUINTON;PAULE;05/02/1979;03.71.95.71.39;07.16.41.51.11;quinton.paule5568@free.fr;104;RUE DES PAVILLONS;21460;FORLÉANS
FR-08092019-16498047;09/08/2019;80;M.;COLLAS;HUBERT;30/03/1950;03.75.20.47.73;06.72.05.04.51;hubert.collas3212@gmail.com;64;RUE DE LALANDE;80240;TINCOURT-BOUCLY
FR-07092020-15450782;09/07/2020;55;Mme;HEIM;CRISTINA;20/06/1985;null;06.52.19.19.40;cristina.heim1524@gmail.com;89;PLACE DE LA MAIRIE;55000;BAR-LE-DUC
FR-09102018-16981703;10/09/2018;15;M.;LELARGE;JOSEPH;01/09/1946;null;07.71.97.29.41;joseph@lelarge.net;32;IMPASSE DUKE ELLINGTON;15310;SAINT-ILLIDE
FR-19112018-16789026;19/11/2018;31;M.;AGUILERA;ADAM;09/06/1996;null;07.54.48.68.98;adam.aguilera5671@laposte.net;121;CHEMIN DE CHATELLERAULT;31470;SAINT-THOMAS
FR-28042015-18866520;28/04/2015;21;M.;MARTINACHE;GIULIO;03/01/1952;03.79.75.26.27;06.72.67.86.08;giulio@martinache.fr;78;RUE D'AUTEUIL;21430;BLANOT
FR-28032013-13834662;28/03/2013;88;Mme;CAO;AVRIL;14/06/1963;null;06.95.00.77.16;avril@cao.live;62;RUE DU ROI ALBERT PREMIER;88390;SANCHEY
FR-06052010-16983670;05/06/2010;76;Mme;GIRAUD;GERTRUDE;19/02/1990;null;07.87.77.58.22;giraud.gertrude4814@free.fr;150;RUE EUGENE LAI;76440;HAUSSEZ
FR-28122013-19304300;28/12/2013;61;M.;PROCUREUR;MAURICE;20/06/2001;null;null;procureur.maurice1163@wanadoo.fr;107;RUE ROBERVAL;61390;FERRIÈRES-LA-VERRERIE
FR-01102019-16094345;10/01/2019;27;M.;CLAIRE;JUSTE;18/10/1951;null;06.57.00.10.47;juste.claire@live.fr;10;RUE DE RONDEVAL;27180;PARVILLE
FR-09082016-16398433;08/09/2016;88;M.;CABON;CONSTANTIN;29/09/1942;03.72.41.50.77;07.72.69.29.90;constantin.cabon@live.fr;125;RUE DE LA GONSE;88700;HOUSSERAS
FR-20122017-14469050;20/12/2017;51;M.;AZAIS;AN;27/03/2000;03.51.78.53.78;07.63.84.28.45;azais.an6782@wanadoo.fr;95;CHEMIN DES ROUYERES;51130;VAL-DES-MARAIS
FR-28022010-19425542;28/02/2010;14;Mme;LEPELLETIER;NADINE;27/08/1977;null;07.07.91.49.05;nadine@lepelletier.live;96;RUE DE POTENCUL;14290;VALORBIQUET
FR-03072011-12881768;07/03/2011;41;M.;LE;JUAN;09/03/1958;02.45.39.28.21;06.93.91.01.16;le.juan6198@free.fr;101;RUE DE LA HALLE;41110;CHÂTEAUVIEUX
FR-15042018-16362388;15/04/2018;65;M.;BUENO;PHILIPPE;13/12/1990;05.81.03.62.26;07.56.20.43.38;bueno.philippe@sfr.fr;139;PLACE DU TENNIS;65310;HORGUES
FR-24022018-17051827;24/02/2018;65;M.;LUCZAK;OLIVIER;24/11/1943;05.62.50.07.79;06.67.66.28.31;olivier.luczak8547@gmail.com;15;CHEMIN DU RICHARDIN;65230;CASTERETS
FR-18052020-15778461;18/05/2020;40;Mme;JOUAN;CLAUDE;12/10/1985;null;07.57.35.75.63;claude.jouan@gmail.com;122;RUE EMILE ZOLA;40400;CARCARÈS-SAINTE-CROIX
FR-18052020-16624531;18/05/2020;72;Mme;DELORY;NATALE;17/06/1959;null;07.44.76.49.23;natale.delory12@orange.fr;133;IMPASSE DE LA VALLEE;72150;MONTREUIL-LE-HENRI
FR-26102011-16598317;26/10/2011;04;M.;NDIAYE;JACQUES;11/01/1977;04.88.80.87.20;06.79.71.50.98;jacques.ndiaye3978@laposte.net;16;RUE VILLENEUVE;04000;LA ROBINE-SUR-GALABRE
FR-31052017-17757650;31/05/2017;11;M.;GATINEAU;ROBERT;24/10/2002;04.11.72.65.01;06.21.93.17.06;robert.gatineau4345@orange.fr;111;BOULEVARD DES EUCALYPTUS;11350;ROUFFIAC-DES-CORBIÈRES
FR-29112011-15144727;29/11/2011;58;Mme;BAHRI;MARIE;06/04/1956;null;06.66.10.25.20;bahri.marie6850@orange.fr;32;RUE JEAN JAURES;58300;SAINT-PARIZE-EN-VIRY
FR-31082015-16408917;31/08/2015;43;Mme;MASCLEF;ROSA;15/01/1959;null;06.10.47.35.43;rosa.masclef@sfr.fr;7;RUE DES BOCQUEREAUX;43390;AZÉRAT
FR-08112011-17695390;11/08/2011;65;M.;AMBROISE;RENARD;08/08/1988;null;null;ambroise.renard380@free.fr;115;RUE DES SARMENTS;65400;BUN
FR-26072019-16356489;26/07/2019;46;M.;JAAFAR;OLIVIER;31/05/1991;null;06.10.15.12.13;jaafar.olivier3271@gmail.com;123;RUE DU DOCTEUR CHARCOT;46250;MARMINIAC
FR-07082016-15273178;08/07/2016;81;M.;FILY;PIERRE;10/05/1992;null;null;fily.pierre2306@gmail.com;140;AVENUE DU DOYEN JUSSIAUME;81220;MAGRIN
FR-29112018-15895115;29/11/2018;91;Mme;JAOUEN;LENI;26/10/1951;01.69.27.71.64;07.92.22.09.53;leni.jaouen5844@laposte.net;30;RUE CAMILLE CLAUDEL;91700;VILLIERS-SUR-ORGE
FR-23092012-16250321;23/09/2012;52;M.;BACQUE;JULIEN;08/01/1958;null;07.99.70.53.40;julien@bacque.fr;144;RUE DU SENECHAL;52700;BUSSON
FR-22032013-17116052;22/03/2013;17;M.;DEYDIER;PIERRE;05/03/1944;null;07.54.90.09.03;deydier.pierre5576@gmail.com;19;AVENUE PATHE MARCONI;17330;COURANT
FR-16072011-15473718;16/07/2011;45;Mme;FOURRE;AN;09/01/1970;02.34.32.31.01;07.54.92.28.55;fourre.an9045@free.fr;138;PLACE RENE MASSON;45270;BEAUCHAMPS-SUR-HUILLARD
FR-15012020-16182818;15/01/2020;51;Mme;VIGNON;LENI;12/08/1962;03.10.52.25.51;06.21.87.20.25;leni.vignon5768@wanadoo.fr;125;CHEMIN DE VILLE VIEILLE;51400;MOURMELON-LE-PETIT
FR-28112020-15822371;28/11/2020;40;M.;ADNET;MAURICE;31/07/1995;05.58.55.36.55;06.61.05.82.08;adnet.maurice2402@free.fr;142;RUE DES JONQUILLES;40090;MAZEROLLES
FR-09072011-15830890;07/09/2011;81;M.;COCHET;WOLF;12/05/2002;null;07.34.39.53.86;cochet.wolf728@orange.fr;108;RUE DE L'ARAMON;81530;GIJOUNET
FR-22112011-15250896;22/11/2011;30;Mme;MADEC;NICOLE;15/08/1963;null;06.44.64.55.83;madec.nicole@free.fr;96;PLACE DE L EGLISE;30750;DOURBIES
FR-10062019-15257449;06/10/2019;77;M.;OLIVO;LUC;06/05/1993;null;06.99.21.88.11;luc.olivo6211@free.fr;29;BOULEVARD AUGUSTE PENEAU;77480;JAULNES
FR-27032010-17537448;27/03/2010;10;Mme;DEMAREST;NORMA;28/05/1960;null;07.74.48.27.94;demarest.norma@gmail.com;150;RUE DE KERLETU;10130;COURSAN-EN-OTHE
FR-28052012-17963433;28/05/2012;26;M.;BRIGITTE;ROBERT;17/01/1959;04.87.74.92.15;06.45.33.28.28;robert.brigitte@gmail.com;55;RUE BASSE;26230;CHANTEMERLE-LÈS-GRIGNAN
FR-26112010-16431856;26/11/2010;61;Mme;GHARBI;YVONNE;28/08/1997;null;06.92.67.45.21;yvonne.gharbi@gmail.com;119;RUE DU MARAIS;61380;MOULINS-LA-MARCHE
FR-18102015-15758800;18/10/2015;66;M.;LIMARE;BRAS;13/07/1966;04.11.99.69.98;null;bras.limare@gmail.com;107;ROUTE DE VILLENEUVE;66340;VALCEBOLLÈRE
FR-04052010-16729390;05/04/2010;71;Mme;NAVET;HORTENSIA;17/04/1948;null;06.64.47.20.22;hortensia.navet2095@free.fr;60;PLACE DE L'EGLISE;71200;LE CREUSOT
FR-11112013-17502714;11/11/2013;40;Mme;BROQUET;NICOLE;30/10/1988;null;06.76.65.77.80;nicole@broquet.fr;118;IMPASSE DES VIVIERS;40190;VILLENEUVE-DE-MARSAN
FR-20032020-17622646;20/03/2020;91;M.;BOUCAUT;VINCENT;02/09/1971;null;07.87.50.18.20;vincent.boucaut7107@orange.fr;35;ROUTE DE CHEVEUGES;91190;VILLIERS-LE-BÂCLE
FR-20042022-16625187;20/04/2022;33;Mme;LERICHE;REINE;18/06/1945;null;06.77.10.96.99;reine.leriche2677@sfr.fr;134;RUE DU GAZOMETRE;33460;ARCINS
FR-14062014-15575954;14/06/2014;80;M.;RACAUD;BRAS;07/06/1971;null;06.35.02.30.54;racaud.bras7115@laposte.net;30;ROUTE DE BOUILLE MENARD;80160;BOSQUEL
FR-06012021-16963352;01/06/2021;23;Mme;THIRIOT;LIEN;08/08/1945;05.55.37.87.13;07.68.43.39.51;lien.thiriot2979@wanadoo.fr;68;ROUTE DE LA CANTRIE;23160;LA CHAPELLE-BALOUE
FR-14082011-13505671;14/08/2011;16;M.;LE;ALONSO;31/12/1979;null;06.00.50.91.64;le.alonso3226@gmail.com;114;CHEMIN DE TESTABER;16300;AMBLEVILLE
FR-28082012-12786085;28/08/2012;29;M.;LE;MARC;05/09/1967;02.21.79.84.48;07.37.58.62.12;marc.le4119@sfr.fr;7;IMPASSE DES LAVANDIERES;29950;BÉNODET
FR-16052023-18235408;16/05/2023;80;M.;BONNETON;MAHOMET;13/09/1949;03.22.27.91.71;null;mahomet.bonneton2365@orange.fr;99;IMPASSE LOUIS ANTO DE BOUGAINVILLE;80190;BILLANCOURT
FR-27092018-17901829;27/09/2018;43;M.;CLARISSE;WALTER;06/05/1992;null;06.00.80.93.17;clarisse.walter1112@laposte.net;7;RUE JACQUES BREL;43300;DESGES
FR-10112022-15753557;11/10/2022;60;M.;HOUARI;MAX;27/01/1953;null;06.12.93.88.06;max.houari5582@sfr.fr;106;CHEMIN DE LA SERRE;60420;COURCELLES-EPAYELLES
FR-11112023-16372873;11/11/2023;66;Mme;CUENOT;MARIE;27/02/1998;04.30.37.94.84;06.07.52.03.88;marie.cuenot8858@sfr.fr;142;IMPASSE CLAUDE BONNET;66560;ORTAFFA
FR-12062011-17327077;06/12/2011;55;Mme;COLLINET;RITA;18/11/2000;null;06.61.48.25.96;collinet.rita6519@laposte.net;139;CHEMIN DE MAINCY;55290;BIENCOURT-SUR-ORGE
FR-15062022-15040526;15/06/2022;68;Mme;PECH;JOHANNA;02/03/1969;null;07.09.98.25.65;johanna.pech7303@free.fr;19;RUE JEAN MOULIN;68480;WINKEL
FR-24082010-18114165;24/08/2010;69;Mme;BROUILLET;IRMA;22/06/1968;04.74.64.64.23;06.08.95.84.32;irma.brouillet1550@gmail.com;55;RUE DU MOULIN DE RUN DAVID;69430;MARCHAMPT
FR-16052021-16626497;16/05/2021;57;Mme;ARRIGHI;ROSE;19/07/1988;03.72.01.43.67;07.02.62.65.07;rose.arrighi141@free.fr;52;CHEMIN DE LA MENARDIERE;57790;LANEUVEVILLE-LÈS-LORQUIN
FR-22032022-16939760;22/03/2022;14;M.;DELCROS;ROGER;05/05/1992;null;06.80.03.71.29;roger.delcros5780@gmail.com;131;RUE DE L EPINE;14700;SAINT-PIERRE-CANIVET
FR-04072013-16131700;07/04/2013;26;M.;PASTRE;BRAS;28/08/2002;null;06.48.57.18.74;pastre.bras4804@wanadoo.fr;126;CHEMIN LOUBANE;26760;MONTÉLÉGER
FR-10092020-15506486;09/10/2020;31;Mme;MILON;ROSE;08/11/1991;05.81.38.27.34;07.97.99.20.94;rose.milon4917@gmail.com;20;RUE DES CLOS FLEURIS;31200;TOULOUSE
FR-18112010-17228119;18/11/2010;09;M.;CAYUELA;LAMBERT;04/08/1948;05.32.15.42.84;07.78.91.68.28;lambert.cayuela1045@free.fr;100;AVENUE LOUIS DIDIER;09220;SEM
FR-05122019-14705637;12/05/2019;43;M.;BUR;GEORGES;27/02/1977;null;06.74.47.45.43;georges.bur8767@free.fr;43;AVENUE BEAU SITE;43200;SAINT-MAURICE-DE-LIGNON
FR-10122020-17294965;12/10/2020;82;M.;DEBUIRE;RODRIGO;06/12/1994;null;06.19.41.99.69;debuire.rodrigo6775@gmail.com;121;PLACE DU GENERAL DE GAULLE;82190;MIRAMONT-DE-QUERCY
FR-21012018-15722099;21/01/2018;46;M.;MARIOT;IRA;30/04/1945;05.67.75.74.98;07.20.43.79.73;ira.mariot@wanadoo.fr;144;IMPASSE DU CHATEAU D EAU;46250;FRAYSSINET-LE-GÉLAT
FR-04052010-16460035;05/04/2010;01;M.;POUPON;BRAS;04/01/1951;null;07.71.00.17.42;bras.poupon3781@free.fr;68;RUE GRANDE RUE;01640;JUJURIEUX
FR-27072019-17317247;27/07/2019;21;Mme;MERESSE;LUCILE;13/12/1997;null;null;lucile.meresse@wanadoo.fr;142;QUAI DU HARLAY;21910;SAULON-LA-CHAPELLE
FR-17072021-14965814;17/07/2021;80;M.;BRAMI;BRAS;31/07/1943;null;07.43.89.99.09;bras.brami6499@gmail.com;74;CHEMIN DU PAVE;80110;MOREUIL
FR-08062012-16713005;06/08/2012;63;M.;BRUCHET;AHMED;09/06/1957;null;07.53.06.82.22;bruchet.ahmed@free.fr;123;RUE DE LA CITE RESIDENCE;63730;MIREFLEURS
FR-01112023-16549820;11/01/2023;17;Mme;CARDONA;NIEVE;21/06/1977;05.86.54.28.04;06.15.66.70.97;nieve.cardona8767@wanadoo.fr;32;IMPASSE FRICHE;17170;LA RONDE
FR-17042011-15770598;17/04/2011;51;Mme;BONO;VIOLETTE;10/10/1987;null;07.89.62.38.76;bono.violette5475@laposte.net;117;CHEMIN GABRIEL;51240;CERNON
FR-30032014-17559731;30/03/2014;40;M.;HAINAUT;QUENTIN;13/01/1976;05.54.13.84.91;06.78.96.64.23;quentin.hainaut@laposte.net;98;IMPASSE DU CHAM;40250;BERGOUEY
FR-29092012-16284399;29/09/2012;80;Mme;CHEVET;CLAUDE;06/06/1952;null;07.18.09.52.44;claude.chevet5907@live.fr;15;CHEMIN DES REVOIRES;80430;NEUVILLE-COPPEGUEULE
FR-02032018-18207227;03/02/2018;50;Mme;BOISSIER;ROLANDE;27/04/1959;02.50.09.27.17;06.03.95.00.86;rolande.boissier8529@wanadoo.fr;123;CHEMIN DU VIGNEAU;50630;CRASVILLE
FR-21022022-17420139;21/02/2022;57;M.;FREMAUX;JULIEN;16/05/1988;03.57.07.28.64;07.13.60.15.86;julien.fremaux6693@gmail.com;59;RUE PERE LAFOSSE;57450;THÉDING
FR-05072020-16545233;07/05/2020;35;Mme;FAVARD;ARLETTE;17/10/1982;null;07.35.49.50.06;arlette.favard4852@wanadoo.fr;138;RUE DUPRE SAINT MAUR;35420;MONTHAULT
FR-13122021-15882663;13/12/2021;02;Mme;GROSS;MARIE;31/08/1993;03.60.22.36.62;07.59.11.69.95;marie.gross8727@free.fr;49;CHEMIN DU POUNTIL;02860;MARTIGNY-COURPIERRE
FR-10032016-15035283;03/10/2016;73;M.;DAIX;YEHUDI;28/05/1994;null;06.53.46.94.53;daix.yehudi@sfr.fr;15;RUE BELLAVOINE;73800;VILLARD-D'HÉRY
FR-01032016-16492149;03/01/2016;53;Mme;TAVEAU;CARMEN;19/07/1943;null;07.76.35.11.30;taveau.carmen@sfr.fr;71;RUE NEUVE;53230;COSSÉ-LE-VIVIEN
FR-09052021-16627808;05/09/2021;55;Mme;ROHART;NADINE;20/09/1949;null;06.28.38.72.31;nadine.rohart8462@orange.fr;51;RUE DE LA MAIRIE;55150;CHAUMONT-DEVANT-DAMVILLERS
FR-19042020-19415712;19/04/2020;39;Mme;JOUSSEAUME;LUCILE;28/05/1960;03.84.79.06.79;07.17.01.57.46;lucile.jousseaume7034@wanadoo.fr;82;RUE DES FONDEURS PACCARD;39100;BAVERANS
FR-08072017-17676385;07/08/2017;19;M.;NIVAULT;THOMAS;22/05/1982;null;06.47.39.05.77;thomas.nivault1320@live.fr;65;RUE SAINT JEAN D ETAMPES;19800;VITRAC-SUR-MONTANE
FR-17112014-14699082;17/11/2014;17;M.;MORET;AH;18/04/1990;05.16.59.65.04;06.45.39.85.46;ah@moret.fr;29;CHEMIN DE MARIE ANNE;17490;SIECQ
FR-13022021-16511809;13/02/2021;21;M.;MELLIER;BRAS;20/11/1999;03.45.45.68.98;06.75.36.37.46;bras.mellier1139@free.fr;119;RUE DU CHEVECIER;21360;THOMIREY
FR-14062017-15097541;14/06/2017;55;Mme;RAHAL;ROSE;09/10/1995;03.57.57.80.17;06.14.64.87.31;rose.rahal2604@orange.fr;73;SQUARE JULIEN GRIMONPREZ;55320;MOUILLY
FR-17062011-16042572;17/06/2011;28;Mme;ELBAZ;LOURDES;04/04/1948;02.36.21.09.67;07.28.43.31.52;lourdes.elbaz@free.fr;62;RUE DE LA LANDE GRELE;28630;BERCHÈRES-LES-PIERRES
FR-27032020-17726848;27/03/2020;35;M.;BRENNER;ALEXANDRE;25/08/1974;null;06.39.97.43.59;alexandre.brenner8506@wanadoo.fr;36;BOULEVARD DE L EGALITE;35250;MOUAZÉ
FR-18022013-17068866;18/02/2013;17;Mme;GIRAULT;JOLIE;28/10/1981;null;06.16.71.22.76;jolie.girault22@gmail.com;106;RUE JEAN DELAIR;17600;PISANY
FR-20042019-18015206;20/04/2019;07;Mme;ASSOUMANI;GIGI;17/01/1941;null;06.70.09.95.07;assoumani.gigi5872@gmail.com;113;CHEMIN DE CAZALIS;07400;MEYSSE
FR-14062010-14575219;14/06/2010;82;M.;JAAFAR;AH;22/08/1998;null;07.77.46.55.53;ah.jaafar6065@wanadoo.fr;49;RUE NOTRE DAME;82150;SAINT-BEAUZEIL
FR-24122014-17498127;24/12/2014;46;M.;COLLOMB;AUGUSTE;10/08/1990;null;07.93.98.17.06;auguste.collomb4666@sfr.fr;36;RUE LOTISSEMENT EN LA COUR;46800;BAGAT-EN-QUERCY
FR-16072013-16636328;16/07/2013;21;Mme;LARGEAU;MARIE;01/01/1981;03.79.60.47.08;06.47.17.60.14;marie.largeau6917@gmail.com;139;RUE DES TROIS CHEMINEES;21340;BAUBIGNY
FR-24102020-16222140;24/10/2020;33;Mme;CATTIN;REINE;12/08/1987;05.56.51.63.85;06.20.93.73.38;cattin.reine@free.fr;14;RUE DES GOYAVIERS;33190;PUYBARBAN
FR-12082019-16421370;08/12/2019;79;Mme;DERBAL;ADRIENNE;04/12/1942;null;07.94.30.27.40;adrienne.derbal@sfr.fr;24;ROUTE NATIONALE 117;79100;THOUARS
FR-08112014-15980312;11/08/2014;12;Mme;MATIAS;ALICE;12/12/1984;null;07.67.55.28.70;alice.matias7807@free.fr;118;RUE JOSEPH BLEUNVEN;12470;CONDOM-D'AUBRAC
FR-14072021-15596927;14/07/2021;11;Mme;AMET;HORTENSE;04/11/1940;null;07.60.72.01.53;hortense.amet9100@sfr.fr;51;CHEMIN DU GUILLERMY;11140;LE BOUSQUET
FR-04072021-16245079;07/04/2021;77;Mme;LOZE;MARGUERITE;05/06/1956;null;06.42.93.51.21;marguerite.loze@wanadoo.fr;27;CHEMIN DIT DE LA MONTAGNE;77173;CHEVRY-COSSIGNY
FR-08062014-17796316;06/08/2014;65;Mme;TREGUER;PAULINE;02/04/1955;05.32.37.17.48;07.60.74.60.34;pauline.treguer7200@gmail.com;124;RUE DES QUATRE CHEMINS;65300;LANNEMEZAN
FR-11112011-16943037;11/11/2011;27;M.;DEROCHE;JOSEPH;12/03/1942;null;06.54.69.41.31;joseph.deroche9949@free.fr;47;IMPASSE DU MUSICIEN;27120;AIGLEVILLE
FR-29072022-13636087;29/07/2022;41;Mme;BAYO;AH;08/05/1955;02.36.74.58.13;null;ah.bayo138@free.fr;130;CHEMIN DE LA CAPERANIE;41310;AMBLOY
FR-09052022-17715707;05/09/2022;31;M.;BONNEAUD;MARTIN;01/12/1958;null;07.25.64.74.66;bonneaud.martin9915@free.fr;65;PASSAGE DES DEUX PAVILLONS;31620;GARGAS
FR-19052021-15244998;19/05/2021;38;M.;MURE;JUSTE;06/03/1945;null;06.93.32.74.73;juste.mure@sfr.fr;15;IMPASSE DU FAOU;38460;ANNOISIN-CHATELANS
FR-21112019-17267440;21/11/2019;64;M.;DELVOYE;LOUIS;07/02/1988;null;07.88.03.31.47;louis.delvoye@gmail.com;46;CHEMIN DE SARRAOUSTE;64490;ETSAUT
FR-26032023-19333137;26/03/2023;83;Mme;LOUBOUTIN;GIOCONDA;01/10/1958;null;06.57.97.33.40;gioconda.louboutin7216@wanadoo.fr;46;CHEMIN DE LA REMISE ROUGE;83390;PUGET-VILLE
FR-17082017-15286285;17/08/2017;07;Mme;LEONE;DIANE;05/01/1982;null;06.29.99.98.75;diane.leone6489@laposte.net;55;RUE DE LA COTE;07610;SÉCHERAS
FR-15112023-16829004;15/11/2023;77;Mme;MACHARD;LOUISE;08/11/1978;01.88.20.81.83;06.17.91.36.59;machard.louise7718@gmail.com;120;RUE DE LA ROCHE (GODAN);77720;SAINT-OUEN-EN-BRIE
FR-13092010-18409733;13/09/2010;65;M.;BOURQUIN;JOSEPH;08/03/1982;null;07.60.92.66.16;bourquin.joseph5727@sfr.fr;3;RUE DU FAUBOURG;65140;BUZON
FR-20102020-15499933;20/10/2020;80;Mme;NOIR;OLYMPE;25/03/1971;03.65.63.34.80;07.86.24.27.10;olympe.noir9874@laposte.net;2;RUE DE PATURANGE;80080;AMIENS
FR-31082015-17073454;31/08/2015;62;Mme;SPECHT;MADELEINE;08/11/1968;null;06.53.15.03.32;madeleine.specht8639@orange.fr;66;ROUTE DE ROUFFIGNY;62380;QUERCAMPS
FR-29062017-17587256;29/06/2017;11;Mme;GERMOND;LOURDES;27/07/1947;null;06.63.23.19.34;germond.lourdes5243@laposte.net;12;RUE DE LA VIOUZE;11190;FOURTOU
FR-29112018-16930584;29/11/2018;33;Mme;GREGORI;JOLIE;10/06/1978;05.56.98.55.24;06.41.85.58.57;gregori.jolie6765@laposte.net;132;CHEMIN DU STADE;33420;LUGAIGNAC
FR-11122011-17080662;12/11/2011;12;Mme;CHAOUCHE;MARIE;02/10/1980;null;null;chaouche.marie6245@wanadoo.fr;38;IMPASSE DES ORCHIDEES;12100;SAINT-GEORGES-DE-LUZENÇON
FR-18082020-18657459;18/08/2020;71;Mme;TONNELLIER;ANNE;12/10/1964;null;06.71.46.52.83;anne.tonnellier9487@free.fr;40;RUE DES CHARMILLES;71340;MELAY
FR-29052015-18240650;29/05/2015;15;Mme;GUERRIER;JOHANNA;19/01/1941;null;06.10.54.31.68;johanna.guerrier@wanadoo.fr;84;RUE DES BURLATS;15800;JOU-SOUS-MONJOU
FR-30092017-15149970;30/09/2017;85;Mme;PREAU;HIBA;02/10/1973;null;null;hiba.preau@laposte.net;65;RUE DE LA LUCQUES;85250;SAINT-ANDRÉ-GOULE-D'OIE
FR-22112021-16849320;22/11/2021;68;M.;SANNIER;DAVID;20/07/1962;03.89.22.38.17;07.82.35.50.18;sannier.david7674@sfr.fr;7;CHEMIN DE LA CROIX;68650;LE BONHOMME
FR-19092019-14812460;19/09/2019;73;M.;PAPA;LOUIS;31/10/1985;null;null;louis.papa2936@sfr.fr;110;IMPASSE DES FAUVETTES;73700;SÉEZ
FR-01062023-15725377;06/01/2023;82;Mme;CALAIS;SUSE;08/03/1979;null;06.33.36.81.35;suse.calais3629@orange.fr;22;RUE DES COQUELICOTS;82600;AUCAMVILLE
FR-02062013-16505911;06/02/2013;60;M.;AHAMADA;FERNAND;15/08/1942;03.64.06.38.11;07.49.32.69.50;fernand.ahamada3492@gmail.com;135;RUE THEO FISCHER;60740;SAINT-MAXIMIN
FR-29082010-18200674;29/08/2010;33;M.;MARTINAT;JACQUES;20/11/1943;null;07.38.56.13.90;jacques.martinat7278@free.fr;136;RUE DU CHATEAU D'EAU;33340;VALEYRAC
FR-07062017-16404330;06/07/2017;66;Mme;ALCARAZ;ROSA;16/08/1997;null;06.50.10.32.92;alcaraz.rosa8234@free.fr;145;ROUTE DE TREVOUX;66540;BAHO
FR-09122010-15701784;12/09/2010;34;M.;SAIFI;MARTIN;28/06/1973;null;null;martin.saifi@sfr.fr;99;CHEMIN DES REISSETTES;34140;BOUZIGUES
FR-24072011-14777070;24/07/2011;31;M.;GHANEM;AH;04/08/1973;null;06.83.98.51.78;ah.ghanem2915@sfr.fr;69;CHEMIN DES LAPINS;31800;SAINT-MARCET
FR-14052018-16650745;14/05/2018;80;Mme;NORMAND;LIEN;30/07/1987;null;07.28.23.74.81;normand.lien5862@sfr.fr;146;IMPASSE DE LA SOURCE;80310;HANGEST-SUR-SOMME
FR-09112011-13497807;11/09/2011;27;Mme;LE;VIENNE;06/05/1957;null;06.66.22.41.60;vienne.le@orange.fr;8;RUE JEAN MERMOZ;27190;ORMES
FR-22092020-14452667;22/09/2020;36;M.;DALI;HENRI;03/07/2003;null;07.27.54.01.63;dali.henri@free.fr;100;RUE LEON GOLSE;36600;FONTGUENAND
FR-22012015-18694160;22/01/2015;80;M.;DELESALLE;AUGUSTIN;09/08/2000;null;06.61.70.77.52;augustin.delesalle1350@free.fr;23;RUE PABLO CAZALS;80700;MARCHÉ-ALLOUARDE
FR-25042023-17753062;25/04/2023;09;Mme;BERTRAND;BLANCHE;24/09/1992;05.36.53.91.61;07.59.40.16.39;blanche.bertrand7641@sfr.fr;82;CHEMIN DE LA VAUSSOURDE;09140;SEIX
FR-24042017-15817126;24/04/2017;72;Mme;CLAUSSE;AH;02/12/1942;null;06.68.19.91.87;ah.clausse@wanadoo.fr;125;RUE GRANDE RUE A LEFFOND;72610;CHÉRISAY
FR-21072013-15782393;21/07/2013;61;M.;POIRE;ROGER;28/10/1969;null;07.47.54.86.86;roger.poire3548@gmail.com;140;CHEMIN DE COMBELIBERT;61400;CORBON
FR-08032010-17536138;03/08/2010;42;M.;BERNARDO;LOUIS;14/07/1997;04.82.93.69.91;07.94.66.58.56;bernardo.louis8731@orange.fr;9;RUE DE LA BOULE;42190;SAINT-HILAIRE-SOUS-CHARLIEU
FR-18052023-17351326;18/05/2023;27;M.;MARGUET;MARINO;23/09/1987;null;07.85.75.13.02;marino.marguet4739@free.fr;116;RUE DU MAS DE MONTELS;27120;FONTAINE-SOUS-JOUY
FR-01082015-18325848;08/01/2015;19;M.;WILLAUME;BENJAMIN;06/06/1984;05.19.80.26.27;06.60.31.41.26;benjamin.willaume2768@laposte.net;35;RUE DE L ILE;19130;SAINT-CYPRIEN
FR-07052018-14016196;05/07/2018;71;M.;ATES;CHE;06/07/1968;null;07.37.17.57.50;che.ates6720@free.fr;7;RUE DU HUIT MAI 1945;71800;SAINT-SYMPHORIEN-DES-BOIS
FR-10042016-15884629;04/10/2016;80;M.;PINTO;MARIN;22/11/1973;null;07.59.79.01.50;marin.pinto7827@sfr.fr;120;RUE YVES CUNY;80480;CREUSE
FR-10082010-16889953;08/10/2010;88;M.;GUIDET;OLIVIER;16/10/1961;null;null;olivier.guidet7015@orange.fr;68;RUE DES MARTYS;88450;ÉVAUX-ET-MÉNIL
FR-12062014-16467900;06/12/2014;70;Mme;AZZOUZ;SAN;26/10/1981;null;06.77.91.12.08;san.azzouz1813@wanadoo.fr;32;RUE EUGENE BISSON;70100;CRESANCEY
FR-24122021-17815321;24/12/2021;29;M.;COURCIER;MARCEL;18/10/1993;02.56.04.84.45;06.13.53.16.22;marcel.courcier@free.fr;102;CHEMIN DE LA TAILLEE;29800;SAINT-URBAIN
FR-30012011-19273498;30/01/2011;80;Mme;VERCRUYSSE;RITA;03/03/1958;null;null;rita@vercruysse.net;127;RUE ERNEST BONNET;80260;BEAUCOURT-SUR-L'HALLUE
FR-24122014-15793533;24/12/2014;07;M.;BOURDEL;AH;29/02/2000;null;07.55.75.06.31;ah.bourdel2431@wanadoo.fr;51;RUE LE NOTRE;07450;BURZET
FR-28022012-16620599;28/02/2012;33;M.;LOUCIF;JOSEPH;26/03/1967;null;06.43.45.22.60;loucif.joseph@gmail.com;50;RUE DES GRIVES;33420;SAINT-VINCENT-DE-PERTIGNAS
FR-03092021-18853413;09/03/2021;71;Mme;SIMONNOT;ROSETTE;22/12/1981;null;06.81.01.75.12;rosette.simonnot5918@gmail.com;99;ROUTE DE GASCOUIN;71220;LA GUICHE
FR-01122017-15431120;12/01/2017;26;Mme;CHUNG;MARIE;13/09/1941;null;07.92.39.96.44;marie.chung774@sfr.fr;137;RUE SALVADOR ALLENDE;26460;CRUPIES
FR-23082022-16568825;23/08/2022;04;M.;CHARDON;OTTO;25/09/1994;null;06.84.55.22.20;otto@chardon.fr;102;RUE DU STADE;04120;SOLEILHAS
FR-22062017-18376965;22/06/2017;56;M.;TISSERAND;MILAN;10/06/1979;null;07.30.09.54.46;milan.tisserand@gmail.com;129;CHEMIN DE VIDAU;56350;BÉGANNE
FR-22092014-17318559;22/09/2014;02;Mme;LEBERT;MARGUERITE;28/11/1949;null;07.40.99.96.00;marguerite.lebert1684@free.fr;83;RUE DE LACHAUX DE VINS LACHAUX;02120;PROISY
FR-08012021-16677616;01/08/2021;60;M.;MONIER;MANUEL;24/05/1987;null;null;monier.manuel5180@free.fr;10;RUE DU THEATRE;60220;BOUTAVENT
FR-03022010-16744463;02/03/2010;01;M.;CHAUVE;LAURENT;25/12/1987;null;06.38.74.37.62;laurent.chauve8137@gmail.com;55;RUE DES SPORTS;01310;BUELLAS
FR-17022022-15771908;17/02/2022;61;M.;FERET;CARLOS;16/10/1969;02.33.57.65.07;07.00.99.85.69;carlos.feret5034@free.fr;8;ROUTE DES ANGES;61410;SAINT-OUEN-LE-BRISOULT
FR-07092021-18247204;09/07/2021;31;M.;CHALUMEAU;PIERRE;15/07/1996;05.31.34.28.85;06.84.14.64.17;chalumeau.pierre2016@sfr.fr;74;CHEMIN DES GRANGES;31380;AZAS
FR-01022011-16258840;02/01/2011;26;Mme;CHAUVE;JEANNE;10/07/2003;null;07.35.13.45.02;jeanne.chauve@orange.fr;62;RUE DE LATTRE DE TASSIGNY;26120;CHABEUIL
FR-15092010-14894379;15/09/2010;74;Mme;BONARD;AH;08/11/1983;null;07.93.34.98.04;bonard.ah9859@gmail.com;14;PLACE DE FONTREYNE;74330;EPAGNY METZ-TESSY
FR-10062021-18490343;06/10/2021;83;Mme;FOURGEAUD;BLANCHE;21/09/1997;null;07.42.13.94.96;fourgeaud.blanche9635@wanadoo.fr;93;ROUTE LONCHEUX;83720;TRANS-EN-PROVENCE
FR-04032012-15783048;03/04/2012;71;M.;PANNIER;AH;30/08/1978;03.79.91.03.70;07.96.85.57.70;ah.pannier3193@free.fr;52;RUE DES TILLEULS;71670;SAINT-PIERRE-DE-VARENNES
FR-04102011-17080662;10/04/2011;81;Mme;ROQUET;BLANCHE;25/04/1990;05.32.49.15.41;07.87.23.84.03;blanche.roquet@free.fr;84;ROUTE DE COIRAC;81210;SAINT-GERMIER
FR-17062012-16059610;17/06/2012;03;M.;FLORET;BRAS;28/05/1944;null;07.70.74.93.62;floret.bras1840@gmail.com;103;RUE SAINT JEAN;03160;FRANCHESSE
FR-31072019-15866279;31/07/2019;70;M.;CAUCHY;PAUL;16/10/1942;null;06.97.95.08.36;paul.cauchy9393@gmail.com;73;IMPASSE DES ROULETTES;70800;MAGNONCOURT
FR-25032018-13825487;25/03/2018;60;Mme;BEN;MANON;26/09/1958;null;06.21.79.91.04;manon.ben2391@orange.fr;1;RUE DE L ENFER;60350;CHELLES
FR-24082014-15246308;24/08/2014;17;M.;POLET;ADAM;26/05/1967;null;06.21.89.65.27;adam.polet@free.fr;59;RUELLE DU PRIEURE;17170;TAUGON
FR-06092017-15408838;09/06/2017;70;Mme;GIGON;MARIE;23/09/2001;03.84.54.87.76;06.82.65.30.45;marie.gigon@gmail.com;122;IMPASSE DES CERISIERS;70110;SAINT-FERJEUX
FR-08102014-16552442;10/08/2014;60;Mme;VISSE;MERCEDES;08/11/2001;null;07.31.37.55.22;mercedes.visse9018@laposte.net;24;RUE DE FONT NERIS;60800;DUVY
FR-30082018-16559652;30/08/2018;40;Mme;GIRET;CONSTANCE;15/04/2000;null;07.82.12.44.66;constance.giret9718@gmail.com;106;RUE DES FORGERONS;40180;CANDRESSE
FR-23022014-15444883;23/02/2014;62;M.;KOPP;THOMAS;31/10/1981;null;07.78.36.53.96;thomas.kopp4903@live.fr;49;RUE JEAN LECLAIRE;62134;TILLY-CAPELLE
FR-18062023-16351902;18/06/2023;67;M.;LOPEZ;DIODORE;24/06/1952;null;null;diodore.lopez8458@wanadoo.fr;72;RUE DES VIGNES;67270;GEISWILLER-ZŒBERSDORF
FR-20122015-17234017;20/12/2015;70;M.;LENEVEU;FRANCO;17/12/1975;03.70.32.54.43;07.60.86.32.80;franco.leneveu6328@orange.fr;20;RUE CHAPUZIE;70000;MONTCEY
FR-03042010-17802215;04/03/2010;36;Mme;DELSART;VICTOIRE;09/03/2002;02.54.70.54.84;null;delsart.victoire573@laposte.net;58;RUE TURGOT;36100;BRIVES
FR-08122014-17674419;12/08/2014;88;Mme;BEILLARD;ROMAINE;14/07/1993;null;06.20.14.53.15;beillard.romaine8063@laposte.net;118;RUE DE LAGORD;88470;LA VOIVRE
FR-04052022-16052401;05/04/2022;39;Mme;DREYER;LIEN;14/07/1981;03.63.61.37.44;06.15.18.58.98;lien.dreyer@orange.fr;143;CHEMIN CANDAU;39230;CHAUMERGY
FR-23022014-16566205;23/02/2014;26;Mme;PETIT;ROSETTE;20/12/2002;null;06.88.23.83.34;petit.rosette8550@free.fr;107;RUE SADI CARNOT;26110;SAINT-MAURICE-SUR-EYGUES
FR-16032016-16109418;16/03/2016;89;M.;CHAKIR;LOUIS;01/08/1952;null;07.43.41.86.49;louis@chakir.fr;43;RUE DU FBG ST NICOLAS;89500;ROUSSON
FR-12012020-17019713;01/12/2020;18;Mme;MOUTIER;LENI;22/10/1951;null;06.43.82.86.03;moutier.leni1702@free.fr;8;RUE ST JOSEPH;18340;SAINTE-LUNAISE
FR-24072022-15254827;24/07/2022;54;Mme;MOUGEL;AH;22/05/1942;null;07.37.38.45.89;ah.mougel9734@sfr.fr;126;RUE DES LUCIOLES;54610;MAILLY-SUR-SEILLE
FR-06012016-15416702;01/06/2016;80;Mme;LEGAY;LUCIE;03/06/1992;03.64.37.39.18;07.98.83.66.11;legay.lucie@gmail.com;119;AVENUE ADRIEN ALLARD;80740;RONSSOY
FR-13072021-16287021;13/07/2021;25;M.;SCHEER;JUSTE;20/04/1977;null;06.47.12.31.52;scheer.juste2849@laposte.net;94;ROUTE DU CARLA BAYLE;25160;SAINT-POINT-LAC
FR-14112016-16536058;14/11/2016;32;M.;GAUDARD;HENRI;08/08/1976;null;07.36.36.49.11;gaudard.henri@free.fr;79;RUELLE DAVID;32140;CHÉLAN
FR-28082019-17956879;28/08/2019;27;Mme;GUILLEUX;LAURE;03/01/1975;02.37.62.27.91;07.92.18.59.82;laure.guilleux2858@gmail.com;119;RUE GEORGES BIZET;27190;CHAMP-DOLENT
FR-19082014-16814586;19/08/2014;21;Mme;BASTIN;DOMENICA;11/05/1957;null;06.37.61.49.63;bastin.domenica5046@free.fr;82;SENTIER DES BONNES GENS;21490;BELLEFOND
FR-12082013-17242536;08/12/2013;63;M.;SOUSSI;PIERRE;02/10/1948;04.43.00.37.76;06.50.89.82.90;pierre.soussi@wanadoo.fr;127;AVENUE EUGENE GAZEAU;63330;BUSSIÈRES
FR-21092012-19609043;21/09/2012;45;M.;GRANDPIERRE;THOMAS;15/07/1973;null;07.73.07.33.47;thomas@grandpierre.me;86;RUE DES PRES;45480;JOUY-EN-PITHIVERAIS
FR-26112017-19293159;26/11/2017;45;M.;BOULESTEIX;LOUIS;28/10/1989;null;07.60.95.04.15;louis.boulesteix@sfr.fr;103;ROUTE DE MONDORFF;45150;FÉROLLES
FR-11022019-17620023;02/11/2019;59;M.;MAZURIER;BRAS;05/01/1944;null;07.09.07.76.95;bras.mazurier8825@laposte.net;137;ROUTE DE KEROUANNEC;59187;DECHY
FR-13022015-15239099;13/02/2015;24;Mme;TRUC;AGATHE;04/10/1999;null;07.78.98.90.91;agathe.truc3831@sfr.fr;19;IMPASSE DES CHATAIGNIERS;24350;TOCANE-SAINT-APRE
FR-14042021-15617242;14/04/2021;08;M.;BOURG;ALTAN;13/08/1978;null;null;altan.bourg2983@sfr.fr;60;CHEMIN DE LA VOIE CHAINTREE;08240;BUZANCY
FR-01102021-18191499;10/01/2021;93;Mme;CLARISSE;LOURDES;06/09/1983;01.43.33.80.75;07.72.43.47.74;lourdes.clarisse5984@sfr.fr;42;RUE DU HUIT MAI;93350;LE BOURGET
FR-16112019-16627153;16/11/2019;29;M.;HOUARD;JOSEPH;24/08/1959;null;06.56.16.62.51;joseph.houard411@free.fr;116;RUE DES HORTENSIAS;29150;CAST
FR-18052017-15990143;18/05/2017;94;M.;MENET;CHARLES;02/05/1947;null;07.68.54.21.27;charles.menet@orange.fr;64;RUE DE L ARGENTERIE;94210;SAINT-MAUR-DES-FOSSÉS
FR-01092010-17842847;09/01/2010;26;Mme;FRESNEL;VICTOIRE;10/10/2003;04.87.05.24.45;06.86.11.90.06;fresnel.victoire@orange.fr;53;CHEMIN DE COAT PERNES;26150;VACHÈRES-EN-QUINT
FR-19022021-18163973;19/02/2021;38;M.;BENSLIMANE;BRAS;02/11/1963;null;07.64.80.13.22;bras.benslimane2907@free.fr;122;ROUTE D ANCHE;38370;SAINT-ALBAN-DU-RHÔNE
FR-21012010-14315696;21/01/2010;68;M.;SEUX;OM;14/05/1951;null;06.80.51.92.23;om.seux634@orange.fr;19;GRANDE RUE GRAND RUE;68128;VILLAGE-NEUF
FR-19122014-17453562;19/12/2014;21;M.;BOUCHEREAU;AH;05/08/1948;null;07.70.62.02.96;ah.bouchereau6965@wanadoo.fr;88;ROUTE D'AUZANCES;21150;GRIGNON
FR-12072021-16739219;07/12/2021;82;M.;AIRAULT;ROLF;10/04/1963;null;07.49.32.63.56;rolf.airault1962@wanadoo.fr;55;RUE DE LA FRANQUETTE;82100;GARGANVILLAR
FR-13112015-17417518;13/11/2015;07;Mme;NICOLAU;URSULA;29/12/1959;null;06.77.44.82.43;ursula.nicolau1085@live.fr;47;AVENUE DE LA MASSANE;07310;LACHAPELLE-SOUS-CHANÉAC
FR-15042022-18890768;15/04/2022;24;Mme;PAWLOWSKI;NATALE;28/11/1974;null;07.37.41.50.02;natale.pawlowski5084@sfr.fr;67;RUE DU COLONEL ROZANOFF;24600;RIBÉRAC
FR-12082014-17386716;08/12/2014;48;M.;DELSAUT;CHARLES;05/10/1965;04.49.66.54.84;06.62.98.13.91;delsaut.charles@orange.fr;121;CHEMIN DE JOREAU;48230;ESCLANÈDES
FR-15022018-18881593;15/02/2018;25;M.;SZYMCZAK;VINCENT;04/08/1981;null;07.70.68.03.08;szymczak.vincent1729@sfr.fr;25;RUE DU FOURNEAU;25430;SANCEY
FR-18042018-18426118;18/04/2018;30;Mme;GUILLIER;SUZANNE;15/07/1994;null;07.90.07.32.95;suzanne.guillier5093@laposte.net;29;ROUTE NATIONALE 42;30730;SAINT-BAUZÉLY
FR-17072012-16015047;17/07/2012;68;Mme;MANGE;GABRIELLE;05/02/1985;null;07.70.44.47.24;gabrielle.mange470@laposte.net;30;CLOS STE HELENE RTE D'ORGON;68740;RUSTENHART
FR-19012022-17580047;19/01/2022;31;Mme;TESTON;VIRGINIE;17/11/1948;05.81.32.24.06;06.95.49.52.24;virginie.teston@orange.fr;134;AVENUE DES CELTES;31350;SAINT-PÉ-DELBOSC
FR-13032015-18529009;13/03/2015;84;Mme;BEAUFRERE;MONIQUE;19/05/1976;null;07.49.47.94.48;monique.beaufrere@free.fr;52;ROUTE TY SOUL;84120;MIRABEAU
FR-04082013-17529584;08/04/2013;89;Mme;FERRARIS;LULU;17/03/1940;null;06.19.69.64.31;lulu.ferraris6550@orange.fr;134;PLACE DE LA 2EME D B;89800;LA CHAPELLE-VAUPELTEIGNE
FR-26012016-15609378;26/01/2016;19;Mme;GAUDY;JULIE;28/05/1946;null;07.40.48.02.36;julie.gaudy8921@free.fr;128;IMPASSE DES TILLEULS;19500;CUREMONTE
FR-09042019-15545152;04/09/2019;72;Mme;MOUNIR;AH;18/05/1977;null;06.83.37.22.67;mounir.ah@live.fr;12;AVENUE DE SAINT MARCELLIN;72650;TRANGÉ
FR-31102020-13508947;31/10/2020;55;Mme;CANO;AN;22/03/1987;null;07.49.28.43.43;an.cano@gmail.com;84;CHEMIN DE LA CROIX SAINT MARC;55500;NANT-LE-GRAND
FR-01092016-17128503;09/01/2016;35;Mme;TRUCHET;AMBRE;14/07/1974;null;06.16.00.64.51;ambre.truchet@orange.fr;10;RUE DU COUR S'IL PLEUT;35460;LES PORTES DU COGLAIS
FR-03022023-16744462;02/03/2023;76;M.;LEJEUNE;ARIEL;05/04/1948;02.76.45.84.76;07.08.86.67.20;ariel.lejeune3400@orange.fr;74;CHEMIN DES COTTERELLES;76400;GANZEVILLE
FR-04072021-16604871;07/04/2021;19;Mme;BELLAL;SUZANNE;18/03/1992;null;06.33.58.94.18;suzanne.bellal@free.fr;110;ROUTE DE PONT DE LIGNON;19130;SAINT-AULAIRE
FR-01102010-15745038;10/01/2010;80;M.;LABIT;CHARLES;27/05/1955;null;null;charles.labit@free.fr;85;RUE DE LA METAIRIE;80135;ONEUX
FR-23072019-19113591;23/07/2019;57;Mme;BEAUVALLET;SYLVIE;06/06/1983;null;06.11.48.34.43;beauvallet.sylvie@laposte.net;123;RUE DE BEAUREGARD;57570;PUTTELANGE-LÈS-THIONVILLE
FR-08082021-16186095;08/08/2021;38;M.;VATIN;WERNER;21/11/1962;04.85.74.68.66;07.57.36.00.58;vatin.werner@free.fr;66;AVENUE DE LA BEYNE;38730;CHÉLIEU
FR-05042013-15189947;04/05/2013;17;M.;EVANNO;AH;21/10/1978;null;06.80.28.65.88;evanno.ah@free.fr;115;CHEMIN DES PAUVRES;17200;SAINT-SULPICE-DE-ROYAN
FR-12062010-17298242;06/12/2010;69;M.;MORLOT;ORLANDO;13/08/1998;04.74.32.83.67;06.06.39.46.32;orlando.morlot8793@gmail.com;4;AVENUE AMPERE;69740;GENAS
FR-07062017-14237708;06/07/2017;52;Mme;DANET;AN;21/11/1944;null;07.52.43.63.08;an.danet@gmail.com;81;IMPASSE DE GRANOUPIAC;52400;PARNOY-EN-BASSIGNY
FR-12102023-14928458;10/12/2023;31;M.;KHIARI;AH;25/02/1950;null;06.84.40.57.91;khiari.ah@sfr.fr;110;RUE TRICOT DES PERES;31160;JUZET-D'IZAUT
FR-04062018-16992189;06/04/2018;16;Mme;GRIMAUD;NADINE;01/11/1978;05.17.97.30.29;null;nadine.grimaud@gmail.com;114;RUE DU CEDON;16190;JUIGNAC
FR-25062020-15897736;25/06/2020;31;Mme;BLONDY;ANNA;09/09/1982;null;06.27.19.99.68;anna.blondy@gmail.com;60;RUE GUILLAUME APOLLINAIRE;31160;SOUEICH
FR-29092021-17462738;29/09/2021;44;Mme;WAYMEL;GEORGETTE;11/07/1998;null;07.61.10.04.98;waymel.georgette@free.fr;42;IMPASSE BELLEVUE PYLA;44320;SAINT-PÈRE-EN-RETZ
FR-20072017-16172332;20/07/2017;52;Mme;LORENZI;AH;20/06/1970;null;07.07.36.96.12;ah.lorenzi222@sfr.fr;147;CHEMIN DU MAS DES MOULINES;52240;AUDELONCOURT
FR-07022013-17125228;02/07/2013;89;Mme;BORGES;JEANNETTE;15/01/1961;null;07.45.18.30.78;borges.jeannette7468@gmail.com;60;IMPASSE CHAMPAVOINE;89150;VALLERY
FR-29052022-16648124;29/05/2022;02;M.;BOULON;JUSTE;16/04/1943;null;07.51.61.02.30;juste.boulon@free.fr;135;SQUARE VAN VOLLENHOVEN;02360;PARFONDEVAL
FR-29032016-14433005;29/03/2016;57;Mme;DONAT;AN;01/10/1989;null;07.96.54.87.53;an.donat@laposte.net;82;RUE CARNOT;57980;METZING
FR-03082019-13250080;08/03/2019;13;M.;REY;AN;15/07/1978;04.88.24.78.82;07.42.38.65.80;rey.an@wanadoo.fr;31;RUE AMBROISE CROIZAT;13400;AUBAGNE
FR-09092012-16832936;09/09/2012;59;Mme;LOURY;NATHALIE;12/11/1966;03.61.47.90.76;06.59.40.21.00;nathalie.loury9546@free.fr;66;RUE DU VERGER;59720;LOUVROIL
FR-29112014-17368366;29/11/2014;01;Mme;STUDER;CLARISSE;27/03/1940;04.81.89.84.02;06.92.92.75.27;clarisse.studer4891@laposte.net;139;RUE DE COURTHABILAT;01390;SAINT-JEAN-DE-THURIGNEUX
FR-28092014-16374183;28/09/2014;25;M.;STALIN;DENIS;09/05/2001;null;06.01.37.90.97;denis.stalin7730@orange.fr;110;PLACE DE LA MAIRIE;25240;CHAPELLE-DES-BOIS
FR-25022017-16821794;25/02/2017;33;Mme;DUVIVIER;AH;26/04/1950;null;06.13.44.87.25;ah.duvivier@sfr.fr;129;ROUTE AN AODEU;33220;SAINT-QUENTIN-DE-CAPLONG
FR-14042021-15025453;14/04/2021;47;Mme;GUL;VIRGINIE;23/02/1979;null;06.93.19.84.60;gul.virginie187@gmail.com;52;RUE DE LA DIGUE;47120;LOUBÈS-BERNAC
FR-28072016-17220910;28/07/2016;53;Mme;VOISIN;PAULINE;19/07/1984;02.43.08.23.06;07.52.67.01.99;voisin.pauline3380@wanadoo.fr;45;IMPASSE LE CLOS;53200;FROMENTIÈRES
FR-13082013-16652057;13/08/2013;38;M.;BAGUET;VINCENT;23/03/1942;04.80.77.70.90;06.76.51.41.05;vincent.baguet3410@orange.fr;15;RUE MAURICE GENEVOIX;38450;NOTRE-DAME-DE-COMMIERS
FR-31072019-19364594;31/07/2019;38;M.;AZZOPARDI;ALEXANDRE;26/12/1966;null;06.50.32.79.18;alexandre@azzopardi.fr;10;IMPASSE DU COULOUME;38122;COUR-ET-BUIS
FR-18092012-14159065;18/09/2012;37;M.;PAGE;MARC;20/09/1952;02.46.88.57.83;07.42.14.98.56;page.marc7469@gmail.com;5;IMPASSE DE LA MARE MOTHEE;37350;BARROU
FR-07072020-16974494;07/07/2020;18;Mme;MAMMERI;ISABEL;07/03/1997;null;07.10.00.04.93;isabel.mammeri8586@free.fr;16;RUE DU CLOS CHAPEAU;18270;REIGNY
FR-25062012-14176104;25/06/2012;56;Mme;GEHIN;AH;12/11/1959;02.57.65.96.78;07.85.02.53.75;ah.gehin6565@sfr.fr;41;ROUTE DE GRIGNAN;56340;PLOUHARNEL
FR-11032022-16029464;03/11/2022;58;M.;BAUDEL;MARCEL;30/09/1959;03.86.60.27.30;null;marcel.baudel@free.fr;145;ROUTE DEPARTEMENTALE 57;58350;NANNAY
FR-22112015-17292999;22/11/2015;32;Mme;GANGLOFF;AGATHE;09/06/1940;null;07.37.57.04.92;agathe.gangloff827@free.fr;56;AVENUE BERGOIDE;32140;ESCLASSAN-LABASTIDE
FR-09022019-17661312;02/09/2019;60;M.;NOUVEAU;PIERRE;16/04/1987;null;06.28.84.12.96;pierre.nouveau@free.fr;18;CHEMIN DU PEROU;60380;VILLERS-VERMONT
FR-06052011-13960492;05/06/2011;71;Mme;ER;LOURDES;01/01/1965;null;07.99.23.34.13;lourdes.er2544@free.fr;117;RUE DU CHAT QUI PECHE;71570;SAINT-AMOUR-BELLEVUE
FR-23032014-12434156;23/03/2014;81;Mme;LE;MAI;08/04/1980;05.67.46.25.16;07.49.69.06.23;le.mai1993@live.fr;54;IMPASSE EMILE ZOLA;81660;PAYRIN-AUGMONTEL
FR-07032016-16144807;03/07/2016;80;Mme;SPITERI;AH;05/09/1955;null;07.95.54.14.62;ah.spiteri7332@free.fr;132;CHEMIN DE LA CROIX BLANCHE;80330;CAGNY
FR-15052015-15560225;15/05/2015;64;M.;MOQUET;AH;19/08/1941;null;06.57.66.99.67;ah.moquet5189@laposte.net;54;AVENUE DE L EUROPE;64420;SAUBOLE
FR-28022021-18100403;28/02/2021;77;M.;VAZQUEZ;LAMBERT;29/07/1949;01.60.42.83.30;06.30.41.06.55;lambert@vazquez.com;132;ROUTE DE LA TOUCHE;77870;VULAINES-SUR-SEINE
FR-17092015-15313155;17/09/2015;37;M.;CHANG;JUSTE;17/05/1994;null;null;chang.juste@orange.fr;128;ROUTE DU LOTISSEMENT;37130;LA CHAPELLE-AUX-NAUX
FR-03032017-17295621;03/03/2017;16;M.;GRISARD;ROBERT;19/06/2000;null;06.29.42.99.67;grisard.robert6678@sfr.fr;20;RUE DE LA CHABOSSONNIERE;16390;BONNES
FR-13112020-16488216;13/11/2020;57;M.;BULTEL;SIMON;22/07/1990;null;06.47.35.99.98;bultel.simon9134@orange.fr;150;RUE DES MESANGES;57800;BÉNING-LÈS-SAINT-AVOLD
FR-13112023-16690068;13/11/2023;30;Mme;LAMANT;ROMAINE;10/12/1976;null;null;romaine.lamant4313@free.fr;79;ROUTE DU CLOS MARTEL;30150;ROQUEMAURE
FR-19072023-18583404;19/07/2023;33;M.;ARMENGAUD;OLIVIER;15/11/1993;05.47.33.12.91;06.32.17.18.89;olivier.armengaud4096@gmail.com;31;RUE DES TISSERANDS;33690;GRIGNOLS
FR-05042013-18902565;04/05/2013;39;Mme;RAMASSAMY;PAULINE;04/07/1983;null;null;pauline.ramassamy@orange.fr;143;ROUTE DU PAS DE RAUZAN;39140;RELANS
FR-31032023-17521065;31/03/2023;22;Mme;CATTEAU;MADELEINE;15/02/1959;null;07.74.30.16.09;madeleine.catteau6867@orange.fr;85;RUE MARCEL HUGOT;22160;PLUSQUELLEC
FR-17092023-15024797;17/09/2023;12;Mme;BECQ;SOLANGE;06/02/1982;null;06.18.88.76.17;becq.solange5871@free.fr;128;RUE DE LA GARENNE;12330;SAINT-CHRISTOPHE-VALLON
FR-12052020-17128503;05/12/2020;15;M.;LEQUEUX;PAUL;30/10/1964;04.44.46.05.60;06.32.25.27.67;paul@lequeux.net;118;PLACE DU 8 MAI 1945;15600;SAINT-CONSTANT-FOURNOULÈS
FR-20122010-16195926;20/12/2010;63;M.;GOYET;JOSEPH;26/02/1967;null;07.51.86.90.79;joseph.goyet3681@gmail.com;92;RUE DES ETANGS;63500;SOLIGNAT
FR-11122011-18565709;12/11/2011;39;M.;DELECROIX;GEORGES;19/04/1994;03.84.24.47.14;07.41.14.19.16;georges.delecroix7778@gmail.com;74;RUE DES BABEYS;39600;VADANS
FR-28062012-18781323;28/06/2012;57;M.;PARTOUCHE;HILAIRE;02/05/1965;null;07.90.41.42.13;hilaire.partouche6421@free.fr;57;CHEMIN DES BROUES;57320;GUERSTLING
FR-27092014-17083939;27/09/2014;07;Mme;CLEMENT;MARTHE;01/04/1947;null;07.42.62.96.73;clement.marthe@wanadoo.fr;115;CHEMIN DES ECOLIERS;07110;VALGORGE
FR-08062013-16585865;06/08/2013;51;Mme;PLATON;CLAIRE;12/02/1975;null;06.75.96.98.40;claire.platon@wanadoo.fr;112;PLACE GOELANDS;51240;OMEY
FR-06122011-17901830;12/06/2011;69;M.;BELLOIR;VITTORIO;20/03/1966;04.26.23.60.92;07.51.93.05.98;vittorio.belloir5824@gmail.com;45;CHEMIN DU TUC;69740;GENAS
FR-21012016-17127193;21/01/2016;71;M.;PROISY;HASSAN;01/07/1954;03.79.22.11.16;07.76.09.25.66;hassan.proisy@sfr.fr;75;IMPASSE DES TREIZE VENTS;71800;LA CHAPELLE-SOUS-DUN
FR-19092013-17796316;19/09/2013;18;Mme;COPPOLA;VIRGINIE;23/04/1965;null;07.37.65.43.68;virginie.coppola5680@gmail.com;150;RUE DES ECOLES;18370;BEDDES
FR-22122022-15570711;22/12/2022;41;Mme;DARMON;SAN;09/02/1980;null;06.98.13.35.72;san.darmon5089@gmail.com;125;CHEMIN DE LA GDE COUR ST MARSAULT;41270;ROMILLY
FR-15122013-20204766;15/12/2013;27;Mme;LECHEVALLIER;LOURDES;06/11/1997;02.32.30.52.57;07.83.96.30.25;lourdes.lechevallier9135@gmail.com;119;RUE THENARD;27210;FORT-MOVILLE
FR-12072021-15629693;07/12/2021;63;Mme;BOUARFA;AN;12/01/1985;null;07.40.45.43.26;an.bouarfa@wanadoo.fr;101;RUE DES CHENEVIERES;63450;COURNOLS
FR-15102019-15093609;15/10/2019;80;Mme;GRECO;LILI;09/04/1941;null;06.53.66.53.53;greco.lili36@gmail.com;35;RUE DE CHATEAUNEUF;80320;VERMANDOVILLERS
FR-08102015-15848584;10/08/2015;69;M.;CHAMPY;BRAS;14/07/1974;null;06.68.50.64.16;champy.bras1373@gmail.com;112;RUE GEORGES SERRAZ;69360;TERNAY
FR-12032010-15653942;03/12/2010;25;M.;GILLON;SAN;01/03/1992;null;07.89.70.80.44;san.gillon@gmail.com;118;RUE SAINTE THERESE;25530;VILLERS-CHIEF
FR-19122023-17691459;19/12/2023;11;M.;DOUCHET;PHILIPPE;31/12/1948;null;07.45.25.33.53;philippe@douchet.fr;23;RUE DE LA FOI;11200;LUC-SUR-ORBIEU
FR-13012017-15642801;13/01/2017;67;Mme;DILLIES;AH;27/07/1942;03.67.97.98.18;06.55.77.80.94;dillies.ah7383@wanadoo.fr;8;RUE DU COIN SAINT JEAN;67230;OBENHEIM
FR-22052013-15404906;22/05/2013;11;Mme;CAVE;VIRGINIE;18/01/1980;null;null;virginie.cave1213@gmail.com;113;BOULEVARD DU LYCEE;11110;ARMISSAN
FR-02032015-17248434;03/02/2015;29;M.;BENCHIKH;JUSTE;29/04/1991;02.56.09.84.17;07.33.20.07.90;juste.benchikh7115@free.fr;37;RUE CLAUDE RIVEMALE;29520;CHÂTEAUNEUF-DU-FAOU
FR-15032020-17043962;15/03/2020;60;Mme;LEBOSSE;RACHEL;13/12/2001;null;07.14.32.50.61;rachel.lebosse7167@orange.fr;118;RUE TREILLE BOURGEAU;60600;BREUIL-LE-VERT
FR-26072014-18245893;26/07/2014;31;M.;TAILLEFER;EDMUND;15/03/1997;null;06.24.24.94.91;edmund.taillefer6142@free.fr;3;RUE DE L'EGALITE;31440;SAINT-BÉAT
FR-02092012-14585049;09/02/2012;45;M.;WATEL;AN;23/08/1974;null;06.20.41.31.68;an.watel@free.fr;49;CLOS DES MUSES;45170;MONTIGNY
FR-11012016-15977036;01/11/2016;08;Mme;BAJARD;BLANCHE;10/07/1993;null;06.30.97.14.58;blanche.bajard9595@sfr.fr;139;PLACE DE L EGLISE;08220;SERAINCOURT
FR-22092019-16814587;22/09/2019;25;M.;BITON;CHRISTOPHE;06/09/1978;null;06.20.93.03.15;christophe.biton5309@live.fr;100;RUE ALBERT CAMUS;25300;GRANGES-NARBOZ
FR-04072018-16391879;07/04/2018;59;Mme;RATEL;CATHERINE;31/01/1977;null;06.58.61.90.08;catherine@ratel.space;10;IMPASSE DES TORIOLETS;59330;NEUF-MESNIL
FR-24112011-15060841;24/11/2011;65;Mme;SAEZ;CLAIRE;22/11/1981;null;06.25.69.61.10;saez.claire2690@wanadoo.fr;54;RUE DE LA PAPETERIE;65500;SANOUS
FR-30052023-16226727;30/05/2023;11;Mme;DELANGE;ROSE;19/04/1944;null;null;rose.delange@gmail.com;88;AVENUE SAINT THEAU;11140;SALVEZINES
FR-28122015-17462738;28/12/2015;13;Mme;NGUYEN;PAULETTE;21/03/1977;null;06.72.66.66.92;paulette.nguyen6355@gmail.com;76;RUE MARGARETH;13670;SAINT-ANDIOL
FR-30072023-16724802;30/07/2023;51;M.;BELLOC;PHILIPPE;04/01/1988;03.53.30.56.91;06.24.18.71.83;philippe.belloc4191@free.fr;116;CHEMIN DU BAGUIER;51800;ÉCLAIRES
FR-18112019-16828348;18/11/2019;85;Mme;GUSTAVE;ANNA;02/09/1989;null;07.72.57.67.82;anna.gustave@gmail.com;66;GRANDE RUE GRANDE RUE;85570;MARSAIS-SAINTE-RADÉGONDE
FR-22102017-15101474;22/10/2017;15;Mme;GENS;BLANCHE;04/01/1957;null;06.55.74.79.25;blanche.gens7833@sfr.fr;103;IMPASSE DE LA FONDERIE;15800;SAINT-JACQUES-DES-BLATS
FR-14062011-16080582;14/06/2011;88;Mme;MOREL;AURORE;16/11/1971;03.29.30.14.66;null;aurore.morel6752@gmail.com;21;IMPASSE DE MONTANAUT;88430;BIFFONTAINE
FR-06122020-15113270;12/06/2020;70;Mme;DOCHE;MARIE;25/02/1953;03.39.94.26.80;07.99.64.75.67;marie.doche9467@gmail.com;63;RUE SAINTE AGATHE;70240;CALMOUTIER
FR-23062020-13776990;23/06/2020;62;Mme;BAUX;AN;26/02/1999;03.61.28.97.55;07.04.52.39.83;an.baux@free.fr;95;RUE DE LA MALADRERIE;62990;EMBRY
FR-14032022-15992108;14/03/2022;50;Mme;LEAUTE;ROSA;15/05/1945;02.50.93.38.73;07.24.58.44.42;rosa.leaute@free.fr;62;QUAI DES MARINIERS;50370;LA CHAPELLE-URÉE
FR-28052011-18023071;28/05/2011;16;Mme;BOISSON;VIRGINIE;28/02/1973;null;07.45.34.44.24;virginie.boisson9102@free.fr;109;RUE DES SILLOUS;16480;SAINT-LAURENT-DES-COMBES
FR-23112017-15302669;23/11/2017;37;Mme;GRARD;LULU;08/07/2000;null;06.10.60.86.66;lulu.grard5718@orange.fr;20;CHEMIN DES HAUTES BRUYERES;37140;RESTIGNÉ
FR-09072010-15216817;07/09/2010;91;M.;PADRE;DAVID;19/01/1979;null;07.47.61.06.01;david.padre1132@orange.fr;61;PLACE DU JEU DE PAUME;91540;MENNECY
FR-09052020-15081157;05/09/2020;48;Mme;ZERBIB;AH;16/02/1974;04.66.25.26.62;07.60.11.17.67;ah.zerbib8867@orange.fr;137;QUAI JULES CHAGOT;48160;SAINT-HILAIRE-DE-LAVIT
FR-14042023-16250976;14/04/2023;66;Mme;ALLIOT;REINE;21/05/1978;null;06.07.67.92.04;alliot.reine5080@laposte.net;69;PLACE DE L EGLISE;66600;VINGRAU
FR-10062018-17818597;06/10/2018;64;Mme;MASQUELIER;AH;11/06/1979;null;07.37.55.19.98;masquelier.ah6783@orange.fr;132;RUE DES SOEURS GRISES;64780;SAINT-MARTIN-D'ARROSSA
FR-07072022-14156445;07/07/2022;49;M.;LE;GUILLAUME;08/04/1950;null;07.56.42.11.69;le.guillaume987@free.fr;70;RUE JEAN ROSTAND;49560;CLÉRÉ-SUR-LAYON
FR-09022011-14986130;02/09/2011;32;M.;HUCK;PIOTR;08/04/1962;null;07.36.57.44.42;piotr.huck7216@sfr.fr;124;RUE LOUIS ARAGON;32550;PESSAN
FR-21052012-16098931;21/05/2012;70;M.;CASSAGNE;AH;24/08/1945;null;06.39.49.43.78;cassagne.ah4284@laposte.net;95;RUE DE PARIS;70270;BELONCHAMP
FR-18022019-17717672;18/02/2019;74;M.;CHAMPAGNE;ROMAN;30/06/1952;null;06.56.02.69.04;roman.champagne4976@live.fr;146;AVENUE LEON ET JOANNY TARDY;74270;MARLIOZ
FR-09012022-16716281;01/09/2022;35;Mme;BOUILLOT;AH;06/06/1952;02.99.37.83.14;06.97.37.09.25;ah.bouillot3720@free.fr;67;RUE JEAN RACINE;35320;LE SEL-DE-BRETAGNE
FR-20082014-16435788;20/08/2014;09;Mme;MARIEL;VIENNE;06/04/1993;null;07.80.81.98.81;mariel.vienne8153@wanadoo.fr;117;CHEMIN DE SALABARES;09200;ENCOURTIECH
FR-22112020-17777310;22/11/2020;24;M.;CAILLOUX;SIMON;18/11/1997;null;07.91.05.27.21;cailloux.simon@free.fr;131;IMPASSE DE LA BRIQUETERIE;24520;SAINT-SAUVEUR
